date,id,amount,in,out,diviend,return,netvalue,accumulated_netvalue,max_drawdown
2024-01-22,1,173110.05,0.0,0.0,0.0,0.0,1.0,1.0,0.0
2024-01-23,1,185079.89,0.0,0.0,0.0,0.069145841,1.069145841,1.069145841,0.0
2024-01-24,1,181952.0,0.0,0.0,0.0,-0.016900215,1.052245626,1.052245626,-0.016900215
2024-01-25,1,181952.0,0.0,0.0,0.0,0.0,1.052245626,1.052245626,-0.016900215
2024-01-26,1,181987.0,0.0,0.0,0.0,0.000192358,1.052437984,1.052437984,-0.016707857
2024-01-29,1,181987.0,0.0,0.0,0.0,0.0,1.052437984,1.052437984,-0.016707857
2024-01-30,1,188503.95,0.0,0.0,0.0,0.035809975,1.08824796,1.08824796,0.0
2024-01-31,1,201381.69,0.0,0.0,0.0,0.068315492,1.156563451,1.156563451,0.0
2024-02-01,1,201359.02,0.0,0.0,0.0,-0.000112572,1.156450879,1.156450879,-0.000112572
2024-02-02,1,204296.09,0.0,0.0,0.0,0.014586235,1.171037114,1.171037114,0.0
2024-02-05,1,220487.99,0.0,0.0,0.0,0.079257023,1.250294137,1.250294137,0.0
2024-02-06,1,220710.86,0.0,0.0,0.0,0.001010803,1.251304941,1.251304941,0.0
2024-02-07,1,223554.26,0.0,0.0,0.0,0.012882918,1.264187859,1.264187859,0.0
2024-02-08,1,223636.95,0.0,0.0,0.0,0.000369888,1.264557747,1.264557747,0.0
2024-02-19,1,223636.96,0.0,0.0,0.0,4.47e-08,1.264557792,1.264557792,0.0
2024-02-20,1,217728.18,0.0,0.0,0.0,-0.026421304,1.238136488,1.238136488,-0.026421304
2024-02-21,1,217693.53,0.0,0.0,0.0,-0.000159143,1.237977345,1.237977345,-0.026580447
2024-02-22,1,232898.53,0.0,0.0,0.0,0.069845898,1.307823242,1.307823242,0.0
2024-02-23,1,232898.53,0.0,0.0,0.0,0.0,1.307823242,1.307823242,0.0
2024-02-26,1,234528.31,0.0,0.0,0.0,0.006997811,1.314821054,1.314821054,0.0
2024-02-27,1,233979.29,0.0,0.0,0.0,-0.002340954,1.3124801,1.3124801,-0.002340954
2024-02-28,1,242704.88,0.0,0.0,0.0,0.037292147,1.349772246,1.349772246,0.0
2024-02-29,1,242489.19,0.0,0.0,0.0,-0.000888692,1.348883554,1.348883554,-0.000888692
2024-03-01,1,238973.42,0.0,0.0,0.0,-0.014498667,1.334384887,1.334384887,-0.015387359
2024-03-04,1,239131.56,0.0,0.0,0.0,0.000661747,1.335046634,1.335046634,-0.014725612
2024-03-05,1,247469.69,0.0,0.0,0.0,0.03486838,1.369915014,1.369915014,0.0
2024-03-06,1,250673.74,0.0,0.0,0.0,0.012947242,1.382862256,1.382862256,0.0
2024-03-07,1,259241.89,0.0,0.0,0.0,0.034180485,1.417042741,1.417042741,0.0
2024-03-08,1,271475.49,0.0,0.0,0.0,0.047189904,1.464232645,1.464232645,0.0
2024-03-11,1,270809.0,0.0,0.0,0.0,-0.002455065,1.46177758,1.46177758,-0.002455065
2024-03-12,1,275102.77,0.0,0.0,0.0,0.015855345,1.477632925,1.477632925,0.0
2024-03-13,1,274869.89,0.0,0.0,0.0,-0.00084652,1.476786405,1.476786405,-0.00084652
2024-03-14,1,274869.89,0.0,0.0,0.0,0.0,1.476786405,1.476786405,-0.00084652
2024-03-15,1,274869.89,0.0,0.0,0.0,0.0,1.476786405,1.476786405,-0.00084652
2024-03-18,1,274869.89,0.0,0.0,0.0,0.0,1.476786405,1.476786405,-0.00084652
2024-03-19,1,274869.89,0.0,0.0,0.0,0.0,1.476786405,1.476786405,-0.00084652
2024-03-20,1,278778.24,0.0,0.0,0.0,0.014218909,1.491005314,1.491005314,0.0
2024-03-21,1,291097.07,0.0,0.0,0.0,0.044188635,1.535193949,1.535193949,0.0
2024-03-22,1,296405.14,0.0,0.0,0.0,0.018234708,1.553428657,1.553428657,0.0
2024-03-25,1,298184.75,0.0,0.0,0.0,0.006003978,1.559432635,1.559432635,0.0
2024-03-26,1,293199.22,0.0,0.0,0.0,-0.016719601,1.542713034,1.542713034,-0.016719601
2024-03-27,1,293134.23,0.0,0.0,0.0,-0.000221658,1.542491376,1.542491376,-0.016941259
2024-03-28,1,305083.66,0.0,0.0,0.0,0.040764362,1.583255739,1.583255739,0.0
2024-03-29,1,306392.69,0.0,0.0,0.0,0.004290725,1.587546463,1.587546463,0.0
2024-04-01,1,283411.32,0.0,0.0,0.0,-0.075006261,1.512540203,1.512540203,-0.075006261
2024-04-02,1,285510.11,0.0,0.0,0.0,0.007405456,1.519945658,1.519945658,-0.067600805
2024-04-03,1,290198.17,0.0,0.0,0.0,0.016419944,1.536365602,1.536365602,-0.051180861
2024-04-08,1,300250.44,0.0,0.0,0.0,0.034639329,1.571004932,1.571004932,-0.016541532
2024-04-09,1,300250.44,0.0,0.0,0.0,0.0,1.571004932,1.571004932,-0.016541532
2024-04-10,1,300250.44,0.0,0.0,0.0,0.0,1.571004932,1.571004932,-0.016541532
2024-04-11,1,300704.75,0.0,0.0,0.0,0.001513104,1.572518035,1.572518035,-0.015028428
2024-04-12,1,294319.2,0.0,0.0,0.0,-0.021235281,1.551282754,1.551282754,-0.03626371
2024-04-15,1,293877.26,0.0,0.0,0.0,-0.001501567,1.549781187,1.549781187,-0.037765277
2024-04-16,1,322962.02,0.0,0.0,0.0,0.098969073,1.64875026,1.64875026,0.0
2024-04-17,1,351684.49,0.0,0.0,0.0,0.088934513,1.737684773,1.737684773,0.0
2024-04-18,1,353260.24,0.0,0.0,0.0,0.004480579,1.742165351,1.742165351,0.0
2024-04-19,1,361748.52,0.0,0.0,0.0,0.024028405,1.766193756,1.766193756,0.0
2024-04-22,1,361589.54,0.0,0.0,0.0,-0.000439477,1.76575428,1.76575428,-0.000439477
2024-04-23,1,353634.75,0.0,0.0,0.0,-0.021999503,1.743754777,1.743754777,-0.022438979
2024-04-24,1,353669.14,0.0,0.0,0.0,9.72e-05,1.743852024,1.743852024,-0.022341732
2024-04-25,1,356463.59,0.0,0.0,0.0,0.007901311,1.751753336,1.751753336,-0.01444042
2024-04-26,1,354508.12,0.0,0.0,0.0,-0.00548575,1.746267586,1.746267586,-0.01992617
2024-04-29,1,345592.4,0.0,0.0,0.0,-0.025149551,1.721118035,1.721118035,-0.045075721
2024-04-30,1,347926.07,0.0,0.0,0.0,0.006752666,1.727870701,1.727870701,-0.038323055
2024-05-06,1,361639.91,0.0,0.0,0.0,0.03941596,1.767286661,1.767286661,0.0
2024-05-07,1,361868.43,0.0,0.0,0.0,0.000631899,1.76791856,1.76791856,0.0
2024-05-08,1,357560.78,0.0,0.0,0.0,-0.011903912,1.756014648,1.756014648,-0.011903912
2024-05-09,1,358213.91,0.0,0.0,0.0,0.001826627,1.757841274,1.757841274,-0.010077286
2024-05-10,1,354638.0,0.0,0.0,0.0,-0.009982611,1.747858664,1.747858664,-0.020059896
2024-05-13,1,348224.8,0.0,0.0,0.0,-0.018083792,1.729774871,1.729774871,-0.038143689
2024-05-14,1,350232.26,0.0,0.0,0.0,0.005764839,1.735539711,1.735539711,-0.03237885
2024-05-15,1,350232.26,0.0,0.0,0.0,0.0,1.735539711,1.735539711,-0.03237885
2024-05-16,1,350232.26,0.0,0.0,0.0,0.0,1.735539711,1.735539711,-0.03237885
2024-05-17,1,339619.66,0.0,0.0,0.0,-0.030301606,1.705238104,1.705238104,-0.062680456
2024-05-20,1,339722.68,0.0,0.0,0.0,0.000303339,1.705541444,1.705541444,-0.062377116
2024-05-21,1,339722.68,0.0,0.0,0.0,0.0,1.705541444,1.705541444,-0.062377116
2024-05-22,1,339722.68,0.0,0.0,0.0,0.0,1.705541444,1.705541444,-0.062377116
2024-05-23,1,339722.68,0.0,0.0,0.0,0.0,1.705541444,1.705541444,-0.062377116
2024-05-24,1,354625.12,0.0,0.0,0.0,0.043866485,1.749407929,1.749407929,-0.018510631
2024-05-27,1,345607.96,0.0,0.0,0.0,-0.025427302,1.723980627,1.723980627,-0.043937933
2024-05-28,1,345607.96,0.0,0.0,0.0,0.0,1.723980627,1.723980627,-0.043937933
2024-05-29,1,345607.96,0.0,0.0,0.0,0.0,1.723980627,1.723980627,-0.043937933
2024-05-30,1,345607.96,0.0,0.0,0.0,0.0,1.723980627,1.723980627,-0.043937933
2024-05-31,1,345607.96,0.0,0.0,0.0,0.0,1.723980627,1.723980627,-0.043937933
2024-06-03,1,344404.25,0.0,0.0,0.0,-0.003482877,1.72049775,1.72049775,-0.04742081
2024-06-04,1,338661.0,0.0,0.0,0.0,-0.016675898,1.703821853,1.703821853,-0.064096707
2024-06-05,1,338661.0,0.0,0.0,0.0,0.0,1.703821853,1.703821853,-0.064096707
2024-06-06,1,339825.63,0.0,0.0,0.0,0.003438926,1.707260778,1.707260778,-0.060657782
2024-06-07,1,332444.54,0.0,0.0,0.0,-0.021720228,1.685540551,1.685540551,-0.082378009
2024-06-11,1,338778.82,0.0,0.0,0.0,0.019053644,1.704594195,1.704594195,-0.063324365
2024-06-12,1,338991.55,0.0,0.0,0.0,0.000627932,1.705222127,1.705222127,-0.062696433
2024-06-13,1,339766.3,0.0,0.0,0.0,0.002285455,1.707507582,1.707507582,-0.060410978
2024-06-14,1,340661.0,0.0,0.0,0.0,0.002633281,1.710140863,1.710140863,-0.057777697
2024-06-17,1,341810.52,0.0,0.0,0.0,0.003374381,1.713515244,1.713515244,-0.054403316
2024-06-18,1,336799.47,0.0,0.0,0.0,-0.014660315,1.698854928,1.698854928,-0.069063632
2024-06-19,1,339019.12,0.0,0.0,0.0,0.00659042,1.705445349,1.705445349,-0.062473212
2024-06-20,1,341504.44,0.0,0.0,0.0,0.007330914,1.712776263,1.712776263,-0.055142298
2024-06-21,1,341504.44,0.0,0.0,0.0,0.0,1.712776263,1.712776263,-0.055142298
2024-06-24,1,343840.37,0.0,0.0,0.0,0.006840116,1.719616379,1.719616379,-0.048302182
2024-06-25,1,334936.45,0.0,0.0,0.0,-0.025895505,1.693720874,1.693720874,-0.074197687
2024-06-26,1,334936.45,0.0,0.0,0.0,0.0,1.693720874,1.693720874,-0.074197687
2024-06-27,1,345430.37,0.0,0.0,0.0,0.031331078,1.725051951,1.725051951,-0.042866609
2024-06-28,1,348919.42,0.0,0.0,0.0,0.010100588,1.73515254,1.73515254,-0.03276602
2024-07-01,1,350274.45,0.0,0.0,0.0,0.003883504,1.739036044,1.739036044,-0.028882516
2024-07-02,1,350274.45,0.0,0.0,0.0,0.0,1.739036044,1.739036044,-0.028882516
2024-07-03,1,358344.72,0.0,0.0,0.0,0.023039848,1.762075892,1.762075892,-0.005842668
2024-07-04,1,358535.43,0.0,0.0,0.0,0.000532197,1.762608089,1.762608089,-0.005310471
2024-07-05,1,358337.99,0.0,0.0,0.0,-0.000550685,1.762057404,1.762057404,-0.005861156
2024-07-08,1,360628.07,0.0,0.0,0.0,0.006390838,1.768448242,1.768448242,0.0
2024-07-09,1,380254.57,0.0,0.0,0.0,0.054423107,1.822871349,1.822871349,0.0
2024-07-10,1,380254.57,0.0,0.0,0.0,0.0,1.822871349,1.822871349,0.0
2024-07-11,1,374166.81,0.0,0.0,0.0,-0.016009696,1.806861653,1.806861653,-0.016009696
2024-07-12,1,374119.04,0.0,0.0,0.0,-0.00012767,1.806733983,1.806733983,-0.016137366
2024-07-15,1,368682.12,0.0,0.0,0.0,-0.014532594,1.792201389,1.792201389,-0.03066996
2024-07-16,1,363858.37,0.0,0.0,0.0,-0.013083764,1.779117625,1.779117625,-0.043753724
2024-07-17,1,364914.75,0.0,0.0,0.0,0.002903273,1.782020897,1.782020897,-0.040850452
2024-07-18,1,373427.79,0.0,0.0,0.0,0.023328846,1.805349743,1.805349743,-0.017521606
2024-07-19,1,376922.12,0.0,0.0,0.0,0.009357445,1.814707188,1.814707188,-0.008164161
2024-07-22,1,389800.48,0.0,0.0,0.0,0.034167164,1.848874352,1.848874352,0.0
2024-07-23,1,390337.61,0.0,0.0,0.0,0.001377961,1.850252314,1.850252314,0.0
2024-07-24,1,391514.79,0.0,0.0,0.0,0.0030158,1.853268113,1.853268113,0.0
2024-07-25,1,391514.79,0.0,0.0,0.0,0.0,1.853268113,1.853268113,0.0
2024-07-26,1,391600.92,0.0,0.0,0.0,0.000219992,1.853488105,1.853488105,0.0
2024-07-29,1,393847.1,0.0,0.0,0.0,0.005735891,1.859223995,1.859223995,0.0
2024-07-30,1,393847.1,0.0,0.0,0.0,0.0,1.859223995,1.859223995,0.0
2024-07-31,1,393212.87,0.0,0.0,0.0,-0.001610346,1.85761365,1.85761365,-0.001610346
2024-08-01,1,384418.87,0.0,0.0,0.0,-0.022364477,1.835249173,1.835249173,-0.023974822
2024-08-02,1,384418.87,0.0,0.0,0.0,0.0,1.835249173,1.835249173,-0.023974822
2024-08-05,1,384418.87,0.0,0.0,0.0,0.0,1.835249173,1.835249173,-0.023974822
2024-08-06,1,384094.57,0.0,0.0,0.0,-0.000843611,1.834405562,1.834405562,-0.024818433
2024-08-07,1,385510.29,0.0,0.0,0.0,0.003685863,1.838091425,1.838091425,-0.02113257
2024-08-08,1,385487.15,0.0,0.0,0.0,-6e-05,1.838031401,1.838031401,-0.021192595
2024-08-09,1,393900.21,0.0,0.0,0.0,0.021824489,1.85985589,1.85985589,0.0
2024-08-12,1,391325.01,0.0,0.0,0.0,-0.006537696,1.853318193,1.853318193,-0.006537696
2024-08-13,1,388533.32,0.0,0.0,0.0,-0.007133942,1.846184251,1.846184251,-0.013671639
2024-08-14,1,388533.32,0.0,0.0,0.0,0.0,1.846184251,1.846184251,-0.013671639
2024-08-15,1,275935.45,0.0,100000.0,0.0,-0.0324,1.813784251,1.813784251,-0.046071639
2024-08-16,1,267621.72,0.0,0.0,0.0,-0.030129257,1.783654994,1.783654994,-0.076200895
2024-08-19,1,261347.97,0.0,0.0,0.0,-0.023442604,1.76021239,1.76021239,-0.099643499
2024-08-20,1,270313.27,0.0,0.0,0.0,0.034304074,1.794516464,1.794516464,-0.065339426
2024-08-21,1,268586.73,0.0,0.0,0.0,-0.006387182,1.788129282,1.788129282,-0.071726607
2024-08-22,1,273420.21,0.0,0.0,0.0,0.017995975,1.806125257,1.806125257,-0.053730633
2024-08-23,1,271820.22,0.0,0.0,0.0,-0.005851762,1.800273495,1.800273495,-0.059582395
2024-08-26,1,268460.22,0.0,0.0,0.0,-0.012361111,1.787912384,1.787912384,-0.071943506
2024-08-27,1,279537.3,0.0,0.0,0.0,0.041261532,1.829173916,1.829173916,-0.030681974
2024-08-28,1,279537.3,0.0,0.0,0.0,0.0,1.829173916,1.829173916,-0.030681974
2024-08-29,1,279537.3,0.0,0.0,0.0,0.0,1.829173916,1.829173916,-0.030681974
2024-08-30,1,279537.3,0.0,0.0,0.0,0.0,1.829173916,1.829173916,-0.030681974
2024-09-02,1,280464.19,0.0,0.0,0.0,0.003315801,1.832489717,1.832489717,-0.027366173
2024-09-03,1,274344.18,0.0,0.0,0.0,-0.021821003,1.810668713,1.810668713,-0.049187176
2024-09-04,1,262069.47,0.0,0.0,0.0,-0.04474201,1.765926703,1.765926703,-0.093929186
2024-09-05,1,262905.67,0.0,0.0,0.0,0.003190757,1.769117461,1.769117461,-0.090738429
2024-09-06,1,293061.6,0.0,0.0,0.0,0.114702471,1.883819932,1.883819932,0.0
2024-09-09,1,280909.12,0.0,0.0,0.0,-0.041467323,1.842352609,1.842352609,-0.041467323
2024-09-10,1,282804.63,0.0,0.0,0.0,0.00674777,1.849100378,1.849100378,-0.034719553
2024-09-11,1,272320.86,0.0,0.0,0.0,-0.037070716,1.812029663,1.812029663,-0.071790269
2024-09-12,1,279035.01,0.0,0.0,0.0,0.024655291,1.836684953,1.836684953,-0.047134978
2024-09-13,1,279035.01,0.0,0.0,0.0,0.0,1.836684953,1.836684953,-0.047134978
2024-09-18,1,279035.01,0.0,0.0,0.0,0.0,1.836684953,1.836684953,-0.047134978
2024-09-19,1,281072.05,0.0,0.0,0.0,0.007300303,1.843985256,1.843985256,-0.039834676
2024-09-20,1,265829.39,0.0,0.0,0.0,-0.054230437,1.789754819,1.789754819,-0.094065112
2024-09-23,1,265829.41,0.0,0.0,0.0,7.52e-08,1.789754895,1.789754895,-0.094065037
2024-09-24,1,268193.48,0.0,0.0,0.0,0.008893185,1.79864808,1.79864808,-0.085171852
2024-09-25,1,308472.51,0.0,0.0,0.0,0.150186462,1.948834542,1.948834542,0.0
2024-09-26,1,329911.09,0.0,0.0,0.0,0.069499159,2.018333701,2.018333701,0.0
2024-09-27,1,333472.76,0.0,0.0,0.0,0.010795848,2.029129549,2.029129549,0.0
2024-03-11,2,2000000.0,0.0,0.0,0.0,0.0,1.0,1.0,0.0
2024-03-12,2,2003667.85,0.0,0.0,0.0,0.001833925,1.001833925,1.001833925,0.0
2024-03-13,2,2003181.64,0.0,0.0,0.0,-0.00024266,1.001591265,1.001591265,-0.00024266
2024-03-14,2,2003181.64,0.0,0.0,0.0,0.0,1.001591265,1.001591265,-0.00024266
2024-03-15,2,2003181.64,0.0,0.0,0.0,0.0,1.001591265,1.001591265,-0.00024266
2024-03-18,2,2003181.64,0.0,0.0,0.0,0.0,1.001591265,1.001591265,-0.00024266
2024-03-19,2,2003181.64,0.0,0.0,0.0,0.0,1.001591265,1.001591265,-0.00024266
2024-03-20,2,2010518.61,0.0,0.0,0.0,0.003662658,1.005253923,1.005253923,0.0
2024-03-21,2,2053068.0,0.0,0.0,0.0,0.02116339,1.026417314,1.026417314,0.0
2024-03-22,2,2063443.63,0.0,0.0,0.0,0.00505372,1.031471033,1.031471033,0.0
2024-03-25,2,2067717.21,0.0,0.0,0.0,0.002071091,1.033542124,1.033542124,0.0
2024-03-26,2,2052356.96,0.0,0.0,0.0,-0.007428603,1.026113522,1.026113522,-0.007428603
2024-03-27,2,2051002.0,0.0,0.0,0.0,-0.000660197,1.025453325,1.025453325,-0.0080888
2024-03-28,2,2084936.62,0.0,0.0,0.0,0.016545386,1.041998711,1.041998711,0.0
2024-03-29,2,2088067.18,0.0,0.0,0.0,0.001501513,1.043500224,1.043500224,0.0
2024-04-01,2,2018381.73,0.0,0.0,0.0,-0.033373184,1.01012704,1.01012704,-0.033373184
2024-04-02,2,2021297.67,0.0,0.0,0.0,0.001444692,1.011571732,1.011571732,-0.031928492
2024-04-03,2,2034795.0,0.0,0.0,0.0,0.006677557,1.018249289,1.018249289,-0.025250935
2024-04-08,2,2070322.05,0.0,0.0,0.0,0.017459769,1.035709058,1.035709058,-0.007791166
2024-04-09,2,2070322.05,0.0,0.0,0.0,0.0,1.035709058,1.035709058,-0.007791166
2024-04-10,2,2070322.05,0.0,0.0,0.0,0.0,1.035709058,1.035709058,-0.007791166
2024-04-11,2,2071527.61,0.0,0.0,0.0,0.000582306,1.036291363,1.036291363,-0.007208861
2024-04-12,2,2053087.48,0.0,0.0,0.0,-0.008901706,1.027389657,1.027389657,-0.016110567
2024-04-15,2,2052494.31,0.0,0.0,0.0,-0.000288916,1.027100741,1.027100741,-0.016399483
2024-04-16,2,2142463.77,0.0,0.0,0.0,0.043834207,1.070934948,1.070934948,0.0
2024-04-17,2,2230558.0,0.0,0.0,0.0,0.041118189,1.112053137,1.112053137,0.0
2024-04-18,2,2233859.0,0.0,0.0,0.0,0.001479899,1.113533035,1.113533035,0.0
2024-04-19,2,2259163.12,0.0,0.0,0.0,0.011327537,1.124860572,1.124860572,0.0
2024-04-22,2,2258129.83,0.0,0.0,0.0,-0.000457377,1.124403195,1.124403195,-0.000457377
2024-04-23,2,2242939.0,0.0,0.0,0.0,-0.006727173,1.117676022,1.117676022,-0.00718455
2024-04-24,2,2243225.0,0.0,0.0,0.0,0.000127511,1.117803533,1.117803533,-0.007057039
2024-04-25,2,2251611.86,0.0,0.0,0.0,0.00374,1.121542284,1.121542284,-0.003318288
2024-04-26,2,2246080.44,0.0,0.0,0.0,-0.002456649,1.119085635,1.119085635,-0.005774937
2024-04-29,2,2228010.0,0.0,0.0,0.0,-0.008045322,1.111040313,1.111040313,-0.013820259
2024-04-30,2,2228010.0,0.0,0.0,0.0,0.0,1.111040313,1.111040313,-0.013820259
2024-05-06,2,2226054.0,0.0,0.0,0.0,-0.000877913,1.1101624,1.1101624,-0.014698172
2024-05-07,2,2226053.92,0.0,0.0,0.0,-3.59e-08,1.110162364,1.110162364,-0.014698208
2024-05-08,2,2218211.89,0.0,0.0,0.0,-0.00352,1.106639525,1.106639525,-0.018221047
2024-05-09,2,2219693.77,0.0,0.0,0.0,0.000668,1.107307576,1.107307576,-0.017552996
2024-05-10,2,2205894.0,0.0,0.0,0.0,-0.00621697,1.101090606,1.101090606,-0.023769966
2024-05-13,2,2186300.27,0.0,0.0,0.0,-0.008882444,1.092208162,1.092208162,-0.03265241
2024-05-14,2,2193419.27,0.0,0.0,0.0,0.003256186,1.095464348,1.095464348,-0.029396224
2024-05-15,2,2193419.08,0.0,0.0,0.0,-8.66e-08,1.095464261,1.095464261,-0.029396311
2024-05-16,2,2193517.72,0.0,0.0,0.0,4.5e-05,1.095509232,1.095509232,-0.02935134
2024-05-17,2,2159483.4,0.0,0.0,0.0,-0.015515863,1.079993369,1.079993369,-0.044867203
2024-05-20,2,2159483.4,0.0,0.0,0.0,0.0,1.079993369,1.079993369,-0.044867203
2024-05-21,2,2159483.4,0.0,0.0,0.0,0.0,1.079993369,1.079993369,-0.044867203
2024-05-22,2,2159483.4,0.0,0.0,0.0,0.0,1.079993369,1.079993369,-0.044867203
2024-05-23,2,2159483.4,0.0,0.0,0.0,0.0,1.079993369,1.079993369,-0.044867203
2024-05-24,2,2197418.54,0.0,0.0,0.0,0.017566766,1.097560136,1.097560136,-0.027300436
2024-05-27,2,2176941.63,0.0,0.0,0.0,-0.009318621,1.088241515,1.088241515,-0.036619057
2024-05-28,2,2176941.63,0.0,0.0,0.0,0.0,1.088241515,1.088241515,-0.036619057
2024-05-29,2,2176941.63,0.0,0.0,0.0,0.0,1.088241515,1.088241515,-0.036619057
2024-05-30,2,2176941.63,0.0,0.0,0.0,0.0,1.088241515,1.088241515,-0.036619057
2024-05-31,2,2176941.63,0.0,0.0,0.0,0.0,1.088241515,1.088241515,-0.036619057
2024-06-03,2,2175840.37,0.0,0.0,0.0,-0.000505875,1.08773564,1.08773564,-0.037124932
2024-06-04,2,2160298.12,0.0,0.0,0.0,-0.007143102,1.080592538,1.080592538,-0.044268034
2024-06-05,2,2160297.88,0.0,0.0,0.0,-1.11e-07,1.080592427,1.080592427,-0.044268145
2024-06-06,2,2163795.06,0.0,0.0,0.0,0.001618842,1.082211268,1.082211268,-0.042649304
2024-06-07,2,2141508.15,0.0,0.0,0.0,-0.010299917,1.071911351,1.071911351,-0.052949221
2024-06-11,2,2166729.02,0.0,0.0,0.0,0.011777153,1.083688505,1.083688505,-0.041172068
2024-06-12,2,2165988.94,0.0,0.0,0.0,-0.000341566,1.083346939,1.083346939,-0.041513633
2024-06-13,2,2169411.91,0.0,0.0,0.0,0.001580327,1.084927266,1.084927266,-0.039933306
2024-06-14,2,2170031.75,0.0,0.0,0.0,0.000286,1.085212984,1.085212984,-0.039647588
2024-06-17,2,2175117.95,0.0,0.0,0.0,0.002343837,1.08755682,1.08755682,-0.037303752
2024-06-18,2,2154521.72,0.0,0.0,0.0,-0.009469018,1.078087803,1.078087803,-0.046772769
2024-06-19,2,2163374.9,0.0,0.0,0.0,0.004109116,1.082196919,1.082196919,-0.042663653
2024-06-20,2,2171195.59,0.0,0.0,0.0,0.003615041,1.08581196,1.08581196,-0.039048612
2024-06-21,2,2171195.39,0.0,0.0,0.0,-9.21e-08,1.085811868,1.085811868,-0.039048704
2024-06-24,2,2178940.18,0.0,0.0,0.0,0.003567063,1.089378931,1.089378931,-0.035481641
2024-06-25,2,2142528.42,0.0,0.0,0.0,-0.0167,1.072668165,1.072668165,-0.052192407
2024-06-26,2,2142528.42,0.0,0.0,0.0,0.0,1.072668165,1.072668165,-0.052192407
2024-06-27,2,2162294.15,0.0,0.0,0.0,0.009225423,1.081893587,1.081893587,-0.042966985
2024-06-28,2,2175174.79,0.0,0.0,0.0,0.005956932,1.08785052,1.08785052,-0.037010052
2024-07-01,2,2180118.21,0.0,0.0,0.0,0.002272654,1.090123174,1.090123174,-0.034737398
2024-07-02,2,2180117.97,0.0,0.0,0.0,-1.1e-07,1.090123064,1.090123064,-0.034737508
2024-07-03,2,2212255.0,0.0,0.0,0.0,0.014740959,1.104864023,1.104864023,-0.019996549
2024-07-04,2,2212255.0,0.0,0.0,0.0,0.0,1.104864023,1.104864023,-0.019996549
2024-07-05,2,2211665.16,0.0,0.0,0.0,-0.000267,1.104597399,1.104597399,-0.020263173
2024-07-08,2,2227357.94,0.0,0.0,0.0,0.007095459,1.111692858,1.111692858,-0.013167714
2024-07-09,2,2306635.32,0.0,0.0,0.0,0.035592564,1.147285422,1.147285422,0.0
2024-07-10,2,2306635.32,0.0,0.0,0.0,0.0,1.147285422,1.147285422,0.0
2024-07-11,2,2267890.16,0.0,0.0,0.0,-0.016797263,1.130488159,1.130488159,-0.016797263
2024-07-12,2,2267889.75,0.0,0.0,0.0,-1.81e-07,1.130487978,1.130487978,-0.016797444
2024-07-15,2,2249363.97,0.0,0.0,0.0,-0.00816873,1.122319248,1.122319248,-0.024966174
2024-07-16,2,2230096.88,0.0,0.0,0.0,-0.008565572,1.113753676,1.113753676,-0.033531747
2024-07-17,2,2234002.78,0.0,0.0,0.0,0.001751449,1.115505124,1.115505124,-0.031780298
2024-07-18,2,2265739.87,0.0,0.0,0.0,0.014206379,1.129711503,1.129711503,-0.017573919
2024-07-19,2,2278040.48,0.0,0.0,0.0,0.00543,1.135140463,1.135140463,-0.01214496
2024-07-22,2,2314561.14,0.0,0.0,0.0,0.016031612,1.151172074,1.151172074,0.0
2024-07-23,2,2281166.52,0.0,36026.59,0.0,0.001137136,1.15230921,1.15230921,0.0
2024-07-24,2,2285239.08,0.0,0.0,0.0,0.001785297,1.154094507,1.154094507,0.0
2024-07-25,2,2285239.08,0.0,0.0,0.0,0.0,1.154094507,1.154094507,0.0
2024-07-26,2,2285140.0,0.0,0.0,0.0,-4.34e-05,1.15405115,1.15405115,-4.34e-05
2024-07-29,2,2292242.0,0.0,0.0,0.0,0.003107906,1.157159056,1.157159056,0.0
2024-07-30,2,2292242.0,0.0,0.0,0.0,0.0,1.157159056,1.157159056,0.0
2024-07-31,2,2291361.35,0.0,0.0,0.0,-0.000384187,1.156774869,1.156774869,-0.000384187
2024-08-01,2,2265342.35,0.0,0.0,0.0,-0.011355258,1.145419611,1.145419611,-0.011739445
2024-08-02,2,2265342.35,0.0,0.0,0.0,0.0,1.145419611,1.145419611,-0.011739445
2024-08-05,2,2265342.35,0.0,0.0,0.0,0.0,1.145419611,1.145419611,-0.011739445
2024-08-06,2,2264582.02,0.0,0.0,0.0,-0.000335636,1.145083975,1.145083975,-0.012075081
2024-08-07,2,2270307.84,0.0,0.0,0.0,0.00253,1.147612397,1.147612397,-0.009546659
2024-08-08,2,2269739.17,0.0,0.0,0.0,-0.000250481,1.147361916,1.147361916,-0.00979714
2024-08-09,2,2304449.28,0.0,0.0,0.0,0.015292555,1.16265447,1.16265447,0.0
2024-08-12,2,2304706.13,0.0,0.0,0.0,0.000111458,1.162765929,1.162765929,0.0
2024-08-13,2,2097188.37,0.0,0.0,200000.0,-0.003261917,1.048594185,1.159504012,-0.003261917
2024-08-14,2,2097187.98,0.0,0.0,0.0,-1.86e-07,1.048593999,1.159503826,-0.003262103
2024-08-15,2,2067417.5,0.0,0.0,0.0,-0.014195428,1.034398572,1.145308398,-0.01745753
2024-08-16,2,2042479.51,0.0,0.0,0.0,-0.012062387,1.022336184,1.133246011,-0.029519917
2024-08-19,2,2030859.86,0.0,0.0,0.0,-0.005688992,1.016647192,1.127557019,-0.03520891
2024-08-20,2,2053801.9,0.0,0.0,0.0,0.011296713,1.027943905,1.138853732,-0.023912197
2024-08-21,2,2048515.66,0.0,0.0,0.0,-0.00257388,1.025370025,1.136279851,-0.026486077
2024-08-22,2,2059546.54,0.0,0.0,0.0,0.005384816,1.030754841,1.141664667,-0.021101261
2024-08-23,2,2056346.12,0.0,0.0,0.0,-0.001553944,1.029200897,1.140110723,-0.022655205
2024-08-26,2,2049626.12,0.0,0.0,0.0,-0.003267932,1.025932964,1.136842791,-0.025923138
2024-08-27,2,2069902.28,0.0,0.0,0.0,0.009892614,1.035825578,1.146735405,-0.016030524
2024-08-28,2,2069902.28,0.0,0.0,0.0,0.0,1.035825578,1.146735405,-0.016030524
2024-08-29,2,2069902.28,0.0,0.0,0.0,0.0,1.035825578,1.146735405,-0.016030524
2024-08-30,2,2069902.28,0.0,0.0,0.0,0.0,1.035825578,1.146735405,-0.016030524
2024-09-02,2,2070584.86,0.0,0.0,0.0,0.000329764,1.036155343,1.147065169,-0.015700759
2024-09-03,2,2052224.64,0.0,0.0,0.0,-0.008867166,1.027288177,1.138198003,-0.024567925
2024-09-04,2,2015409.68,0.0,0.0,0.0,-0.01793905,1.009349127,1.120258954,-0.042506975
2024-09-05,2,2017403.88,0.0,0.0,0.0,0.000989476,1.010338603,1.12124843,-0.041517499
2024-09-06,2,2078158.56,0.0,0.0,0.0,0.030115279,1.040453882,1.151363708,-0.01140222
2024-09-09,2,2043864.13,0.0,0.0,0.0,-0.016502316,1.023951565,1.134861392,-0.027904537
2024-09-10,2,2042690.24,0.0,0.0,0.0,-0.000574348,1.023377217,1.134287044,-0.028478885
2024-09-11,2,2024085.68,0.0,0.0,0.0,-0.009107871,1.014269346,1.125179172,-0.037586756
2024-09-12,2,2037758.61,0.0,0.0,0.0,0.00676,1.02102446,1.131934287,-0.030831642
2024-09-13,2,2037758.61,0.0,0.0,0.0,0.0,1.02102446,1.131934287,-0.030831642
2024-09-18,2,2037758.61,0.0,0.0,0.0,0.0,1.02102446,1.131934287,-0.030831642
2024-09-19,2,2040714.69,0.0,0.0,0.0,0.001450653,1.022475112,1.133384939,-0.02938099
2024-09-20,2,2007825.02,0.0,0.0,0.0,-0.016116741,1.006358371,1.117268198,-0.04549773
2024-09-23,2,2007858.13,0.0,0.0,0.0,1.65e-05,1.006374862,1.117284689,-0.04548124
2024-09-24,2,2011587.07,0.0,0.0,0.0,0.001857173,1.008232035,1.119141862,-0.043624067
2024-09-25,2,2120466.41,0.0,0.0,0.0,0.054126089,1.062358124,1.17326795,0.0
2024-09-26,2,2159180.45,0.0,0.0,0.0,0.018257323,1.080615447,1.191525273,0.0
2024-09-27,2,2168566.77,0.0,0.0,0.0,0.00435,1.084962614,1.195872441,0.0
2024-08-08,3,3000000.0,0.0,0.0,0.0,0.0,1.0,1.0,0.0
2024-08-09,3,3066506.94,0.0,0.0,0.0,0.02216898,1.02216898,1.02216898,-0.009907267
2024-08-12,3,3061634.1,0.0,0.0,0.0,-0.001589052,1.020579928,1.020579928,-0.001589052
2024-08-13,3,3056423.95,0.0,0.0,0.0,-0.001701755,1.018878173,1.018878173,-0.003290807
2024-08-14,3,3056423.95,0.0,0.0,0.0,0.0,1.018878173,1.018878173,-0.003290807
2024-08-15,3,3042620.28,0.0,0.0,0.0,-0.004516281,1.014361892,1.014361892,-0.007807088
2024-08-16,3,3025976.41,0.0,0.0,0.0,-0.005470242,1.00889165,1.00889165,-0.01327733
2024-08-19,3,3018768.13,0.0,0.0,0.0,-0.002382134,1.006509516,1.006509516,-0.015659464
2024-08-20,3,3033340.04,0.0,0.0,0.0,0.004827105,1.011336621,1.011336621,-0.010832359
2024-08-21,3,3033153.61,0.0,0.0,0.0,-6.15e-05,1.01127516,1.01127516,-0.01089382
2024-08-22,3,3038541.71,0.0,0.0,0.0,0.001776402,1.013051562,1.013051562,-0.009117418
2024-08-23,3,3036141.72,0.0,0.0,0.0,-0.000789849,1.012261713,1.012261713,-0.009907267
2024-08-26,3,3031101.72,0.0,0.0,0.0,-0.001660002,1.010601712,1.010601712,-0.011567268
2024-08-27,3,3047076.29,0.0,0.0,0.0,0.00527,1.015871931,1.015871931,-0.006297049
2024-08-28,3,3047076.29,0.0,0.0,0.0,0.0,1.015871931,1.015871931,-0.006297049
2024-08-29,3,3047076.29,0.0,0.0,0.0,0.0,1.015871931,1.015871931,-0.006297049
2024-08-30,3,3047076.29,0.0,0.0,0.0,0.0,1.015871931,1.015871931,-0.006297049
2024-09-02,3,3049589.48,0.0,0.0,0.0,0.000825,1.016696718,1.016696718,-0.005472262
2024-09-03,3,5037349.48,2000000.0,0.0,0.0,-0.004013655,1.012683063,1.012683063,-0.009485917
2024-09-04,3,5012803.5,0.0,0.0,0.0,-0.004872797,1.007810266,1.007810266,-0.014358714
2024-09-05,3,5014292.9,0.0,0.0,0.0,0.000297,1.008107385,1.008107385,-0.014061595
2024-09-06,3,5082183.96,0.0,0.0,0.0,0.013539508,1.021646894,1.021646894,-0.000522086
2024-09-09,3,5038810.02,0.0,0.0,0.0,-0.008534508,1.013112386,1.013112386,-0.009056594
2024-09-10,3,5039230.06,0.0,0.0,0.0,8.3361e-05,1.013195747,1.013195747,-0.008973233
2024-09-11,3,4973268.1,0.0,0.0,0.0,-0.01308969,1.000106056,1.000106056,-0.022062924
2024-09-12,3,4987599.84,0.0,0.0,0.0,0.002881755,1.002987811,1.002987811,-0.019181169
2024-09-13,3,4987599.84,0.0,0.0,0.0,0.0,1.002987811,1.002987811,-0.019181169
2024-09-18,3,4987599.85,0.0,0.0,0.0,2.00497e-09,1.002987813,1.002987813,-0.019181167
2024-09-19,3,4987599.85,0.0,0.0,0.0,0.0,1.002987813,1.002987813,-0.019181167
2024-09-20,3,4973624.18,0.0,0.0,0.0,-0.002802083,1.00018573,1.00018573,-0.02198325
2024-09-23,3,4973624.2,0.0,0.0,0.0,4.02121e-09,1.000185734,1.000185734,-0.021983246
2024-09-24,3,4977099.28,0.0,0.0,0.0,0.000698702,1.000884436,1.000884436,-0.021284544
2024-09-25,3,5114020.76,0.0,0.0,0.0,0.027510297,1.028394733,1.028394733,0.0
2024-09-26,3,5162599.32,0.0,0.0,0.0,0.009499093,1.037893826,1.037893826,0.0
2024-09-27,3,5180529.49,0.0,0.0,0.0,0.00347309,1.041366916,1.041366916,0.0
2024-08-08,4,5000000.0,0.0,0.0,0.0,0.0,1.0,1.0,0.0
2024-08-09,4,5144518.7,0.0,0.0,0.0,0.02890374,1.02890374,1.02890374,0.0
2024-08-12,4,5141677.16,0.0,0.0,0.0,-0.000552343,1.028351397,1.028351397,-0.000552343
2024-08-13,4,5136336.32,0.0,0.0,0.0,-0.001038735,1.027312662,1.027312662,-0.001591078
2024-08-14,4,5136336.32,0.0,0.0,0.0,0.0,1.027312662,1.027312662,-0.001591078
2024-08-15,4,5121079.01,0.0,0.0,0.0,-0.00297,1.024342196,1.024342196,-0.004561544
2024-08-16,4,5104926.65,0.0,0.0,0.0,-0.003154093,1.021188103,1.021188103,-0.007715637
2024-08-19,4,5097894.08,0.0,0.0,0.0,-0.001377605,1.019810499,1.019810499,-0.009093241
2024-08-20,4,5112941.71,0.0,0.0,0.0,0.00295,1.022762233,1.022762233,-0.006141507
2024-08-21,4,5106751.25,0.0,0.0,0.0,-0.001210743,1.02155149,1.02155149,-0.00735225
2024-08-22,4,5113491.03,0.0,0.0,0.0,0.001319778,1.022871268,1.022871268,-0.006032472
2024-08-23,4,5111091.03,0.0,0.0,0.0,-0.000469347,1.022401922,1.022401922,-0.006501818
2024-08-26,4,5106051.03,0.0,0.0,0.0,-0.000986091,1.021415831,1.021415831,-0.007487909
2024-08-27,4,5122181.48,0.0,0.0,0.0,0.003159085,1.024574916,1.024574916,-0.004328824
2024-08-28,4,5122181.48,0.0,0.0,0.0,0.0,1.024574916,1.024574916,-0.004328824
2024-08-29,4,5122182.48,0.0,0.0,0.0,1.95229e-07,1.024575111,1.024575111,-0.004328629
2024-08-30,4,5122182.48,0.0,0.0,0.0,0.0,1.024575111,1.024575111,-0.004328629
2024-09-02,4,5124270.47,0.0,0.0,0.0,0.000408,1.024982748,1.024982748,-0.003920992
2024-09-03,4,5112030.47,0.0,0.0,0.0,-0.002388633,1.022594115,1.022594115,-0.006309625
2024-09-04,4,5087480.31,0.0,0.0,0.0,-0.004802428,1.017791687,1.017791687,-0.011112053
2024-09-05,4,5087529.35,0.0,0.0,0.0,9.63935e-06,1.017801326,1.017801326,-0.011102414
2024-09-06,4,5128619.44,0.0,0.0,0.0,0.00807663,1.025877956,1.025877956,-0.003025784
2024-09-09,4,5104138.44,0.0,0.0,0.0,-0.004773409,1.021104546,1.021104546,-0.007799194
2024-09-10,4,5104000.73,0.0,0.0,0.0,-2.7e-05,1.021077566,1.021077566,-0.007826174
2024-09-11,4,5090011.39,0.0,0.0,0.0,-0.002740858,1.018336709,1.018336709,-0.010567031
2024-09-12,4,5097577.9,0.0,0.0,0.0,0.001486541,1.01982325,1.01982325,-0.00908049
2024-09-13,4,5097577.9,0.0,0.0,0.0,0.0,1.01982325,1.01982325,-0.00908049
2024-09-18,4,5097577.9,0.0,0.0,0.0,0.0,1.01982325,1.01982325,-0.00908049
2024-09-19,4,5095988.18,0.0,0.0,0.0,-0.000311858,1.019511392,1.019511392,-0.009392348
2024-09-20,4,5072759.08,0.0,0.0,0.0,-0.004558311,1.01495308,1.01495308,-0.01395066
2024-09-23,4,5072759.08,0.0,0.0,0.0,0.0,1.01495308,1.01495308,-0.01395066
2024-09-24,4,5072759.08,0.0,0.0,0.0,0.0,1.01495308,1.01495308,-0.01395066
2024-09-25,4,5073441.01,0.0,0.0,0.0,0.00013443,1.01508751,1.01508751,-0.01381623
2024-09-26,4,5104847.92,0.0,0.0,0.0,0.006190455,1.021277966,1.021277966,-0.007625774
2024-09-27,4,5113048.83,0.0,0.0,0.0,0.001606494,1.02288446,1.02288446,-0.00601928
2024-07-05,5,10000000.0,0.0,0.0,0.0,0.0,1.0,1.0,0.0
2024-07-08,5,10000240.87,0.0,0.0,0.0,2.4087e-05,1.000024087,1.000024087,0.0
2024-07-09,5,10122478.33,0.0,0.0,0.0,0.012223452,1.012247539,1.012247539,0.0
2024-07-10,5,10122478.33,0.0,0.0,0.0,0.0,1.012247539,1.012247539,0.0
2024-07-11,5,10070548.61,0.0,0.0,0.0,-0.005130139,1.0071174,1.0071174,-0.005130139
2024-07-12,5,10065263.41,0.0,0.0,0.0,-0.000524817,1.006592582,1.006592582,-0.005654956
2024-07-15,5,10063583.42,0.0,0.0,0.0,-0.00016691,1.006425672,1.006425672,-0.005821866
2024-07-16,5,10034775.21,0.0,0.0,0.0,-0.002862619,1.003563053,1.003563053,-0.008684486
2024-07-17,5,10040528.92,0.0,0.0,0.0,0.000573,1.00413643,1.00413643,-0.008111109
2024-07-18,5,10087882.36,0.0,0.0,0.0,0.00471623,1.00885266,1.00885266,-0.003394879
2024-07-19,5,10107747.59,0.0,0.0,0.0,0.001969217,1.010821877,1.010821877,-0.001425662
2024-07-22,5,10157983.04,0.0,0.0,0.0,0.004969995,1.015791871,1.015791871,0.0
2024-07-23,5,10162386.16,0.0,0.0,0.0,0.000433464,1.016225335,1.016225335,0.0
2024-07-24,5,10165469.48,0.0,0.0,0.0,0.000303405,1.01652874,1.01652874,0.0
2024-07-25,5,10165469.48,0.0,0.0,0.0,0.0,1.01652874,1.01652874,0.0
2024-07-26,5,10165850.23,0.0,0.0,0.0,3.74552e-05,1.016566196,1.016566196,0.0
2024-07-29,5,10174813.27,0.0,0.0,0.0,0.000881681,1.017447877,1.017447877,0.0
2024-07-30,5,10174813.27,0.0,0.0,0.0,0.0,1.017447877,1.017447877,0.0
2024-07-31,5,10173031.37,0.0,0.0,0.0,-0.000175129,1.017272748,1.017272748,-0.000175129
2024-08-01,5,10138793.48,0.0,0.0,0.0,-0.003365554,1.013907194,1.013907194,-0.003540683
2024-08-02,5,10138793.48,0.0,0.0,0.0,0.0,1.013907194,1.013907194,-0.003540683
2024-08-05,5,10138793.48,0.0,0.0,0.0,0.0,1.013907194,1.013907194,-0.003540683
2024-08-06,5,10137302.34,0.0,0.0,0.0,-0.000147073,1.013760121,1.013760121,-0.003687756
2024-08-07,5,10146130.41,0.0,0.0,0.0,0.00087085,1.014630971,1.014630971,-0.002816906
2024-08-08,5,10144771.64,0.0,0.0,0.0,-0.00013392,1.014497051,1.014497051,-0.002950826
2024-08-09,5,10196412.24,0.0,0.0,0.0,0.005090366,1.019587417,1.019587417,0.0
2024-08-12,5,10193937.96,0.0,0.0,0.0,-0.000242662,1.019344755,1.019344755,-0.000242662
2024-08-13,5,10184744.24,0.0,0.0,0.0,-0.000902,1.018442874,1.018442874,-0.001144543
2024-08-14,5,10184744.21,0.0,0.0,0.0,-2.95e-09,1.018442871,1.018442871,-0.001144546
2024-08-15,5,10154755.88,0.0,0.0,0.0,-0.002944436,1.015498435,1.015498435,-0.004088982
2024-08-16,5,10116760.49,0.0,0.0,0.0,-0.003741635,1.0117568,1.0117568,-0.007830617
2024-08-19,5,10115163.14,0.0,0.0,0.0,-0.000157891,1.011598909,1.011598909,-0.007988509
2024-08-20,5,10145726.6,0.0,0.0,0.0,0.003021549,1.014620458,1.014620458,-0.00496696
2024-08-21,5,10133092.18,0.0,0.0,0.0,-0.001245295,1.013375163,1.013375163,-0.006212254
2024-08-22,5,10150069.03,0.0,0.0,0.0,0.001675387,1.01505055,1.01505055,-0.004536868
2024-08-23,5,10145269.03,0.0,0.0,0.0,-0.000472903,1.014577647,1.014577647,-0.005009771
2024-08-26,5,10135189.03,0.0,0.0,0.0,-0.000993567,1.01358408,1.01358408,-0.006003337
2024-08-27,5,10163398.5,0.0,0.0,0.0,0.00278,1.0163674,1.0163674,-0.003220018
2024-08-28,5,10163398.5,0.0,0.0,0.0,0.0,1.0163674,1.0163674,-0.003220018
2024-08-29,5,10163399.5,0.0,0.0,0.0,9.83923e-08,1.016367498,1.016367498,-0.003219919
2024-08-30,5,10163399.5,0.0,0.0,0.0,0.0,1.016367498,1.016367498,-0.003219919
2024-09-02,5,10164682.82,0.0,0.0,0.0,0.000126269,1.016493767,1.016493767,-0.003093651
2024-09-03,5,10136522.71,0.0,0.0,0.0,-0.002770387,1.013723379,1.013723379,-0.005864038
2024-09-04,5,10081812.15,0.0,0.0,0.0,-0.00539737,1.00832601,1.00832601,-0.011261408
2024-09-05,5,10079170.73,0.0,0.0,0.0,-0.000261999,1.008064011,1.008064011,-0.011523406
2024-09-06,5,10160379.49,0.0,0.0,0.0,0.008057087,1.016121099,1.016121099,-0.003466319
2024-09-09,5,10105298.49,0.0,0.0,0.0,-0.005421156,1.010699943,1.010699943,-0.008887474
2024-09-10,5,10104962.26,0.0,0.0,0.0,-3.33e-05,1.01066667,1.01066667,-0.008920747
2024-09-11,5,10072307.47,0.0,0.0,0.0,-0.00323156,1.00743511,1.00743511,-0.012152307
2024-09-12,5,10092010.33,0.0,0.0,0.0,0.001956142,1.009391252,1.009391252,-0.010196165
2024-09-13,5,10092010.33,0.0,0.0,0.0,0.0,1.009391252,1.009391252,-0.010196165
2024-09-18,5,10092010.33,0.0,0.0,0.0,0.0,1.009391252,1.009391252,-0.010196165
2024-09-19,5,10089914.61,0.0,0.0,0.0,-0.000207661,1.009183591,1.009183591,-0.010403827
2024-09-20,5,10035700.44,0.0,0.0,0.0,-0.005373105,1.003810486,1.003810486,-0.015776932
2024-09-23,5,10035700.44,0.0,0.0,0.0,0.0,1.003810486,1.003810486,-0.015776932
2024-09-24,5,10044974.81,0.0,0.0,0.0,0.000924138,1.004734623,1.004734623,-0.014852794
2024-09-25,5,10194439.65,0.0,0.0,0.0,0.014879563,1.019614187,1.019614187,0.0
2024-09-26,5,10256424.05,0.0,0.0,0.0,0.00608,1.025694403,1.025694403,0.0
2024-09-27,5,10276151.03,0.0,0.0,0.0,0.001923378,1.027617781,1.027617781,0.0
2024-09-05,6,5000000.0,0.0,0.0,0.0,0.0,1.0,1.0,0.0
2024-09-06,6,5110827.26,0.0,0.0,0.0,0.022165452,1.022165452,1.022165452,0.0
2024-09-09,6,5086346.26,0.0,0.0,0.0,-0.00479,1.017375425,1.017375425,-0.004790027
2024-09-10,6,5086192.82,0.0,0.0,0.0,-3.0167e-05,1.017345258,1.017345258,-0.004820194
2024-09-11,6,5072315.62,0.0,0.0,0.0,-0.002728406,1.014616852,1.014616852,-0.0075486
2024-09-12,6,5079592.24,0.0,0.0,0.0,0.001434576,1.016051427,1.016051427,-0.006114025
2024-09-13,6,5079592.24,0.0,0.0,0.0,0.0,1.016051427,1.016051427,-0.006114025
2024-09-18,6,5079592.24,0.0,0.0,0.0,0.0,1.016051427,1.016051427,-0.006114025
2024-09-19,6,5079674.65,0.0,0.0,0.0,1.62237e-05,1.016067651,1.016067651,-0.006097801
2024-09-20,6,5056437.72,0.0,0.0,0.0,-0.004574492,1.011493159,1.011493159,-0.010672293
2024-09-23,6,5056437.72,0.0,0.0,0.0,0.0,1.011493159,1.011493159,-0.010672293
2024-09-24,6,5056437.72,0.0,0.0,0.0,0.0,1.011493159,1.011493159,-0.010672293
2024-09-25,6,5057111.37,0.0,0.0,0.0,0.000133226,1.011626386,1.011626386,-0.010539066
2024-09-26,6,5088621.14,0.0,0.0,0.0,0.006230784,1.01785717,1.01785717,-0.004308282
2024-09-27,6,5096814.25,0.0,0.0,0.0,0.001610084,1.019467254,1.019467254,-0.002698198
2024-09-05,7,3000000.0,0.0,0.0,0.0,0.0,1.0,1.0,0.0
2024-09-06,7,3062751.58,0.0,0.0,0.0,0.020917193,1.020917193,1.020917193,0.0
2024-09-09,7,3043670.58,0.0,0.0,0.0,-0.006230019,1.014687175,1.014687175,-0.006230019
2024-09-10,7,3043917.83,0.0,0.0,0.0,8.12342e-05,1.014768409,1.014768409,-0.006148785
2024-09-11,7,3034587.26,0.0,0.0,0.0,-0.003065316,1.011703093,1.011703093,-0.009214101
2024-09-12,7,3039652.58,0.0,0.0,0.0,0.001669196,1.013372288,1.013372288,-0.007544905
2024-09-13,7,3039652.58,0.0,0.0,0.0,0.0,1.013372288,1.013372288,-0.007544905
2024-09-18,7,3039652.58,0.0,0.0,0.0,0.0,1.013372288,1.013372288,-0.007544905
2024-09-19,7,3039652.58,0.0,0.0,0.0,0.0,1.013372288,1.013372288,-0.007544905
2024-09-20,7,3036351.7,0.0,0.0,0.0,-0.00108594,1.012286348,1.012286348,-0.008630845
2024-09-23,7,3036351.7,0.0,0.0,0.0,0.0,1.012286348,1.012286348,-0.008630845
2024-09-24,7,3039152.54,0.0,0.0,0.0,0.000922436,1.013208784,1.013208784,-0.007708409
2024-09-25,7,3115927.64,0.0,0.0,0.0,0.0253,1.038470794,1.038470794,0.0
2024-09-26,7,3141290.46,0.0,0.0,0.0,0.008139733,1.046610527,1.046610527,0.0
2024-09-27,7,3146745.56,0.0,0.0,0.0,0.001736579,1.048347106,1.048347106,0.0
2024-07-29,8,10000000.0,0.0,0.0,0.0,0.0,1.0,1.0,0.0
2024-07-30,8,10000000.0,0.0,0.0,0.0,0.0,1.0,1.0,-0.010506418
2024-07-31,8,9999115.67,0.0,0.0,0.0,-8.8433e-05,0.999911567,0.999911567,-0.012546691
2024-08-01,8,9964871.33,0.0,0.0,0.0,-0.00342,0.99648683,0.99648683,-0.012547196
2024-08-02,8,9964871.33,0.0,0.0,0.0,0.0,0.99648683,0.99648683,0.0
2024-08-05,8,9964871.33,0.0,0.0,0.0,0.0,0.99648683,0.99648683,0.0
2024-08-06,8,9964870.33,0.0,0.0,0.0,-1.00353e-07,0.99648673,0.99648673,-0.000543998
2024-08-07,8,9974666.86,0.0,0.0,0.0,0.000983107,0.997469836,0.997469836,-0.004017677
2024-08-08,8,9973302.62,0.0,0.0,0.0,-0.00013677,0.997333066,0.997333066,-0.004017677
2024-08-09,8,10025300.84,0.0,0.0,0.0,0.005213741,1.002546807,1.002546807,-0.004017677
2024-08-12,8,10022537.52,0.0,0.0,0.0,-0.000275635,1.002271173,1.002271173,-0.004359759
2024-08-13,8,10011493.14,0.0,0.0,0.0,-0.001101954,1.001169218,1.001169218,-0.003472586
2024-08-14,8,10011493.14,0.0,0.0,0.0,0.0,1.001169218,1.001169218,-0.003681194
2024-08-15,8,9967929.44,0.0,0.0,0.0,-0.004351369,0.996817849,0.996817849,0.0
2024-08-16,8,9925966.48,0.0,0.0,0.0,-0.004209797,0.992608052,0.992608052,-0.0003649
2024-08-19,8,9914043.98,0.0,0.0,0.0,-0.001201142,0.99140691,0.99140691,-0.001493064
2024-08-20,8,9944723.04,0.0,0.0,0.0,0.003094505,0.994501415,0.994501415,-0.001493064
2024-08-21,8,9934727.26,0.0,0.0,0.0,-0.001005134,0.993496281,0.993496281,-0.004135994
2024-08-22,8,9952653.58,0.0,0.0,0.0,0.00180441,0.995300691,0.995300691,-0.007890958
2024-08-23,8,9947851.58,0.0,0.0,0.0,-0.000482484,0.994818206,0.994818206,-0.008921306
2024-08-26,8,9937771.58,0.0,0.0,0.0,-0.001013284,0.993804922,0.993804922,-0.005987055
2024-08-27,8,9965936.81,0.0,0.0,0.0,0.00283416,0.996639082,0.996639082,-0.006191259
2024-08-28,8,9965936.81,0.0,0.0,0.0,0.0,0.996639082,0.996639082,-0.005160698
2024-08-29,8,9965936.81,0.0,0.0,0.0,0.0,0.996639082,0.996639082,-0.005642497
2024-08-30,8,9965936.81,0.0,0.0,0.0,0.0,0.996639082,0.996639082,-0.00665476
2024-09-02,8,9967698.8,0.0,0.0,0.0,0.000176801,0.996815883,0.996815883,-0.003437006
2024-09-03,8,9943218.8,0.0,0.0,0.0,-0.002455933,0.99435995,0.99435995,-0.003437006
2024-09-04,8,9893623.84,0.0,0.0,0.0,-0.004987817,0.989372133,0.989372133,-0.003437006
2024-09-05,8,9896105.98,0.0,0.0,0.0,0.000250883,0.989623015,0.989623015,-0.003437006
2024-09-06,8,9984426.7,0.0,0.0,0.0,0.008924795,0.998547811,0.998547811,-0.002913211
2024-09-09,8,9927553.53,0.0,0.0,0.0,-0.005696188,0.992851623,0.992851623,-0.005671339
2024-09-10,8,9926837.98,0.0,0.0,0.0,-7.20772e-05,0.992779546,0.992779546,-0.011328433
2024-09-11,8,9899084.8,0.0,0.0,0.0,-0.002795772,0.989983773,0.989983773,-0.011449172
2024-09-12,8,9919445.41,0.0,0.0,0.0,0.002056817,0.992040591,0.992040591,-0.003125028
2024-09-13,8,9919445.41,0.0,0.0,0.0,0.0,0.992040591,0.992040591,-0.008588756
2024-09-18,8,9919445.41,0.0,0.0,0.0,0.0,0.992040591,0.992040591,-0.008622619
2024-09-19,8,9919443.41,0.0,0.0,0.0,-2.01624e-07,0.992040389,0.992040389,-0.011907918
2024-09-20,8,9899205.04,0.0,0.0,0.0,-0.002040273,0.990000116,0.990000116,-0.010183717
2024-09-23,8,9899200.04,0.0,0.0,0.0,-5.05091e-07,0.989999611,0.989999611,-0.010183717
2024-09-24,8,9906773.08,0.0,0.0,0.0,0.000765015,0.990764626,0.990764626,-0.010183717
2024-09-25,8,10064065.92,0.0,0.0,0.0,0.015877303,1.00664193,1.00664193,-0.010169152
2024-09-26,8,10127315.71,0.0,0.0,0.0,0.006284715,1.012926645,1.012926645,-0.01562251
2024-09-27,8,10142202.99,0.0,0.0,0.0,0.001470012,1.014396657,1.014396657,-0.01562251
2024-07-29,9,10000000.0,0.0,0.0,0.0,0.0,1.0,1.0,0.0
2024-07-30,9,10000000.0,0.0,0.0,0.0,0.0,1.0,1.0,0.0
2024-07-31,9,9994560.02,0.0,0.0,0.0,-0.000543998,0.999456002,0.999456002,-0.000543998
2024-08-01,9,9959842.13,0.0,0.0,0.0,-0.003473679,0.995982323,0.995982323,-0.004017677
2024-08-02,9,9959842.13,0.0,0.0,0.0,0.0,0.995982323,0.995982323,-0.004017677
2024-08-05,9,9959842.13,0.0,0.0,0.0,0.0,0.995982323,0.995982323,-0.004017677
2024-08-06,9,9956435.04,0.0,0.0,0.0,-0.000342083,0.995640241,0.995640241,-0.004359759
2024-08-07,9,9965268.12,0.0,0.0,0.0,0.000887173,0.996527414,0.996527414,-0.003472586
2024-08-08,9,9963189.29,0.0,0.0,0.0,-0.000208608,0.996318806,0.996318806,-0.003681194
2024-08-09,9,10014392.02,0.0,0.0,0.0,0.005139191,1.001457997,1.001457997,0.0
2024-08-12,9,10010737.77,0.0,0.0,0.0,-0.000365,1.001093097,1.001093097,-0.000365
2024-08-13,9,9999444.01,0.0,0.0,0.0,-0.001128165,0.999964932,0.999964932,-0.001493064
2024-08-14,9,9999444.01,0.0,0.0,0.0,0.0,0.999964932,0.999964932,-0.001493064
2024-08-15,9,9973016.18,0.0,0.0,0.0,-0.00264293,0.997322002,0.997322002,-0.004135994
2024-08-16,9,9935567.87,0.0,0.0,0.0,-0.003754963,0.993567039,0.993567039,-0.007890958
2024-08-19,9,9925330.77,0.0,0.0,0.0,-0.001030349,0.99253669,0.99253669,-0.008921306
2024-08-20,9,9954454.19,0.0,0.0,0.0,0.00293,0.995470942,0.995470942,-0.005987055
2024-08-21,9,9952421.45,0.0,0.0,0.0,-0.000204204,0.995266738,0.995266738,-0.006191259
2024-08-22,9,9962678.02,0.0,0.0,0.0,0.00103056,0.996297298,0.996297298,-0.005160698
2024-08-23,9,9957878.02,0.0,0.0,0.0,-0.000481798,0.9958155,0.9958155,-0.005642497
2024-08-26,9,9947798.02,0.0,0.0,0.0,-0.001012264,0.994803236,0.994803236,-0.00665476
2024-08-27,9,9979807.59,0.0,0.0,0.0,0.003217754,0.998020991,0.998020991,-0.003437006
2024-08-28,9,9979807.59,0.0,0.0,0.0,0.0,0.998020991,0.998020991,-0.003437006
2024-08-29,9,9979807.59,0.0,0.0,0.0,0.0,0.998020991,0.998020991,-0.003437006
2024-08-30,9,9979807.59,0.0,0.0,0.0,0.0,0.998020991,0.998020991,-0.003437006
2024-09-02,9,9985034.96,0.0,0.0,0.0,0.000523795,0.998544785,0.998544785,-0.002913211
2024-09-03,9,9957494.96,0.0,0.0,0.0,-0.002758128,0.995786658,0.995786658,-0.005671339
2024-09-04,9,9901164.48,0.0,0.0,0.0,-0.005657093,0.990129564,0.990129564,-0.011328433
2024-09-05,9,9899969.02,0.0,0.0,0.0,-0.000120739,0.990008825,0.990008825,-0.011449172
2024-09-06,9,9982377.79,0.0,0.0,0.0,0.008324144,0.998332969,0.998332969,-0.003125028
2024-09-09,9,9927836.79,0.0,0.0,0.0,-0.005463728,0.992869241,0.992869241,-0.008588756
2024-09-10,9,9927500.6,0.0,0.0,0.0,-3.38634e-05,0.992835377,0.992835377,-0.008622619
2024-09-11,9,9894885.8,0.0,0.0,0.0,-0.003285298,0.989550079,0.989550079,-0.011907918
2024-09-12,9,9911946.57,0.0,0.0,0.0,0.001724201,0.99127428,0.99127428,-0.010183717
2024-09-13,9,9911946.57,0.0,0.0,0.0,0.0,0.99127428,0.99127428,-0.010183717
2024-09-18,9,9911946.57,0.0,0.0,0.0,0.0,0.99127428,0.99127428,-0.010183717
2024-09-19,9,9912090.93,0.0,0.0,0.0,1.45642e-05,0.991288844,0.991288844,-0.010169152
2024-09-20,9,9858036.75,0.0,0.0,0.0,-0.005453358,0.985835486,0.985835486,-0.01562251
2024-09-23,9,9858036.75,0.0,0.0,0.0,0.0,0.985835486,0.985835486,-0.01562251
2024-09-24,9,9858036.75,0.0,0.0,0.0,0.0,0.985835486,0.985835486,-0.01562251
2024-09-25,9,9858036.75,0.0,0.0,0.0,0.0,0.985835486,0.985835486,-0.01562251
2024-09-26,9,9858036.75,0.0,0.0,0.0,0.0,0.985835486,0.985835486,-0.01562251
2024-09-27,9,9858036.75,0.0,0.0,0.0,0.0,0.985835486,0.985835486,-0.01562251
2024-09-05,10,3000000.0,0.0,0.0,0.0,0.0,1.0,1.0,0.0
2024-09-06,10,2991296.2,0.0,0.0,0.0,-0.002901267,0.997098733,0.997098733,-0.002901267
2024-09-09,10,2973715.2,0.0,0.0,0.0,-0.005877385,0.991221348,0.991221348,-0.005877385
2024-09-10,10,2973601.37,0.0,0.0,0.0,-3.82787e-05,0.991183069,0.991183069,-0.005915664
2024-09-11,10,2964270.22,0.0,0.0,0.0,-0.00314,0.988045073,0.988045073,-0.00905366
2024-09-12,10,2969256.95,0.0,0.0,0.0,0.001682279,0.989727352,0.989727352,-0.007371381
2024-09-13,10,2969256.95,0.0,0.0,0.0,0.0,0.989727352,0.989727352,-0.007371381
2024-09-18,10,2969256.95,0.0,0.0,0.0,0.0,0.989727352,0.989727352,-0.007371381
2024-09-19,10,2969932.29,0.0,0.0,0.0,0.000227444,0.989954796,0.989954796,-0.007143937
2024-09-20,10,2956601.25,0.0,0.0,0.0,-0.004488668,0.985466128,0.985466128,-0.011632605
2024-09-23,10,2956601.25,0.0,0.0,0.0,0.0,0.985466128,0.985466128,-0.011632605
2024-09-24,10,2958700.94,0.0,0.0,0.0,0.00071017,0.986176299,0.986176299,-0.010922435
2024-09-25,10,3016565.15,0.0,0.0,0.0,0.019557303,1.005733601,1.005733601,0.0
2024-09-26,10,3041166.68,0.0,0.0,0.0,0.008155478,1.013889079,1.013889079,0.0
2024-09-27,10,3046621.07,0.0,0.0,0.0,0.001793519,1.015682598,1.015682598,0.0
2024-08-05,11,10000000.0,0.0,0.0,0.0,0.0,1.0,1.0,0.0
2024-08-06,11,9999503.82,0.0,0.0,0.0,-4.9618e-05,0.999950382,0.999950382,-4.9618e-05
2024-08-07,11,10003862.74,0.0,0.0,0.0,0.000435914,1.000386296,1.000386296,0.0
2024-08-08,11,10002827.4,0.0,0.0,0.0,-0.000103494,1.000282802,1.000282802,-0.000103494
2024-08-09,11,10028754.69,0.0,0.0,0.0,0.002591996,1.002874798,1.002874798,0.0
2024-08-12,11,10029319.99,0.0,0.0,0.0,5.63679e-05,1.002931166,1.002931166,0.0
2024-08-13,11,10023844.02,0.0,0.0,0.0,-0.000545996,1.00238517,1.00238517,-0.000545996
2024-08-14,11,10023841.02,0.0,0.0,0.0,-2.99e-07,1.00238487,1.00238487,-0.000546295
2024-08-15,11,10007275.21,0.0,0.0,0.0,-0.001652641,1.000732229,1.000732229,-0.002198936
2024-08-16,11,9990402.85,0.0,0.0,0.0,-0.001686009,0.99904622,0.99904622,-0.003884946
2024-08-19,11,9983369.31,0.0,0.0,0.0,-0.00070403,0.99834219,0.99834219,-0.004588975
2024-08-20,11,9998657.98,0.0,0.0,0.0,0.001531414,0.999873604,0.999873604,-0.003057562
2024-08-21,11,9996787.43,0.0,0.0,0.0,-0.00018708,0.999686524,0.999686524,-0.003244642
2024-08-22,11,10005408.33,0.0,0.0,0.0,0.000862367,1.000548891,1.000548891,-0.002382275
2024-08-23,11,10003002.33,0.0,0.0,0.0,-0.00024047,1.000308421,1.000308421,-0.002622745
2024-08-26,11,9997962.33,0.0,0.0,0.0,-0.000503849,0.999804572,0.999804572,-0.003126593
2024-08-27,11,10013010.78,0.0,0.0,0.0,0.001505152,1.001309724,1.001309724,-0.001621442
2024-08-28,11,10013010.78,0.0,0.0,0.0,0.0,1.001309724,1.001309724,-0.001621442
2024-08-29,11,10013010.78,0.0,0.0,0.0,0.0,1.001309724,1.001309724,-0.001621442
2024-08-30,11,10013010.78,0.0,0.0,0.0,0.0,1.001309724,1.001309724,-0.001621442
2024-09-02,11,10013420.75,0.0,0.0,0.0,4.09437e-05,1.001350668,1.001350668,-0.001580498
2024-09-03,11,10001179.75,0.0,0.0,0.0,-0.001222459,1.000128208,1.000128208,-0.002802957
2024-09-04,11,9976930.63,0.0,0.0,0.0,-0.002424626,0.997703582,0.997703582,-0.005227583
2024-09-05,11,9977939.67,0.0,0.0,0.0,0.000101137,0.99780472,0.99780472,-0.005126446
2024-09-06,11,10020629.82,0.0,0.0,0.0,0.004278453,1.002083173,1.002083173,-0.000847992
2024-09-09,11,9994757.14,0.0,0.0,0.0,-0.002581942,0.999501232,0.999501232,-0.003429934
2024-09-10,11,9993967.14,0.0,0.0,0.0,-7.90414e-05,0.99942219,0.99942219,-0.003508975
2024-09-11,11,9979378.86,0.0,0.0,0.0,-0.001459709,0.997962482,0.997962482,-0.004968684
2024-09-12,11,9989464.46,0.0,0.0,0.0,0.001010644,0.998973126,0.998973126,-0.00395804
2024-09-13,11,9989464.46,0.0,0.0,0.0,0.0,0.998973126,0.998973126,-0.00395804
2024-09-18,11,9989464.46,0.0,0.0,0.0,0.0,0.998973126,0.998973126,-0.00395804
2024-09-19,11,9989464.46,0.0,0.0,0.0,0.0,0.998973126,0.998973126,-0.00395804
2024-09-20,11,9980797.28,0.0,0.0,0.0,-0.000868,0.998105494,0.998105494,-0.004825672
2024-09-23,11,9980793.28,0.0,0.0,0.0,-4.0077e-07,0.998105093,0.998105093,-0.004826073
2024-09-24,11,9984801.51,0.0,0.0,0.0,0.000401594,0.998506687,0.998506687,-0.004424479
2024-09-25,11,10060412.7,0.0,0.0,0.0,0.007572628,1.006079315,1.006079315,0.0
2024-09-26,11,10093537.68,0.0,0.0,0.0,0.003292606,1.009371922,1.009371922,0.0
2024-09-27,11,10099277.69,0.0,0.0,0.0,0.000568682,1.009940604,1.009940604,0.0
2024-08-08,12,10000000.0,0.0,0.0,0.0,0.0,1.0,1.0,0.0
2024-08-09,12,10051147.96,0.0,0.0,0.0,0.005114796,1.005114796,1.005114796,0.0
2024-08-12,12,10052779.09,0.0,0.0,0.0,0.000162,1.005277079,1.005277079,0.0
2024-08-13,12,10040154.11,0.0,0.0,0.0,-0.00125587,1.004021209,1.004021209,-0.00125587
2024-08-14,12,10040154.1,0.0,0.0,0.0,-9.96001e-10,1.004021208,1.004021208,-0.001255871
2024-08-15,12,10001226.3,0.0,0.0,0.0,-0.003877211,1.000143997,1.000143997,-0.005133082
2024-08-16,12,9977335.22,0.0,0.0,0.0,-0.002388815,0.997755182,0.997755182,-0.007521897
2024-08-19,12,9962791.15,0.0,0.0,0.0,-0.001457711,0.996297471,0.996297471,-0.008979608
2024-08-20,12,9992887.47,0.0,0.0,0.0,0.003020872,0.999318343,0.999318343,-0.005958736
2024-08-21,12,9986747.45,0.0,0.0,0.0,-0.000614439,0.998703904,0.998703904,-0.006573175
2024-08-22,12,10003947.28,0.0,0.0,0.0,0.001722265,1.00042617,1.00042617,-0.004850909
2024-08-23,12,9999147.28,0.0,0.0,0.0,-0.000479811,0.999946359,0.999946359,-0.00533072
2024-08-26,12,9989067.28,0.0,0.0,0.0,-0.001008086,0.998938273,0.998938273,-0.006338806
2024-08-27,12,10019409.19,0.0,0.0,0.0,0.003037512,1.001975785,1.001975785,-0.003301294
2024-08-28,12,10019409.19,0.0,0.0,0.0,0.0,1.001975785,1.001975785,-0.003301294
2024-08-29,12,10019409.19,0.0,0.0,0.0,0.0,1.001975785,1.001975785,-0.003301294
2024-08-30,12,10019409.19,0.0,0.0,0.0,0.0,1.001975785,1.001975785,-0.003301294
2024-09-02,12,10023588.19,0.0,0.0,0.0,0.00041709,1.002392875,1.002392875,-0.002884204
2024-09-03,12,9995369.66,0.0,0.0,0.0,-0.002815212,0.999577663,0.999577663,-0.005699416
2024-09-04,12,9939831.15,0.0,0.0,0.0,-0.005556424,0.994021239,0.994021239,-0.01125584
2024-09-05,12,9935602.41,0.0,0.0,0.0,-0.000425,0.993595805,0.993595805,-0.011681274
2024-09-06,12,10016823.61,0.0,0.0,0.0,0.008174764,1.001770569,1.001770569,-0.00350651
2024-09-09,12,9961742.61,0.0,0.0,0.0,-0.005498849,0.99627172,0.99627172,-0.009005359
2024-09-10,12,9961434.14,0.0,0.0,0.0,-3.09655e-05,0.996240755,0.996240755,-0.009036324
2024-09-11,12,9928793.75,0.0,0.0,0.0,-0.003276676,0.992964079,0.992964079,-0.012313
2024-09-12,12,9946986.99,0.0,0.0,0.0,0.001832372,0.99479645,0.99479645,-0.010480629
2024-09-13,12,9946986.99,0.0,0.0,0.0,0.0,0.99479645,0.99479645,-0.010480629
2024-09-18,12,9946986.99,0.0,0.0,0.0,0.0,0.99479645,0.99479645,-0.010480629
2024-09-19,12,9947374.47,0.0,0.0,0.0,3.89545e-05,0.994835405,0.994835405,-0.010441674
2024-09-20,12,9916642.71,0.0,0.0,0.0,-0.003089434,0.991745971,0.991745971,-0.013531108
2024-09-23,12,9916642.71,0.0,0.0,0.0,0.0,0.991745971,0.991745971,-0.013531108
2024-09-24,12,9918761.83,0.0,0.0,0.0,0.000213693,0.991959664,0.991959664,-0.013317415
2024-09-25,12,9959590.96,0.0,0.0,0.0,0.004116354,0.996076017,0.996076017,-0.009201062
2024-09-26,12,9999534.62,0.0,0.0,0.0,0.004010572,1.00008659,1.00008659,-0.005190489
2024-09-27,12,10009096.32,0.0,0.0,0.0,0.000956215,1.001042804,1.001042804,-0.004234275
2024-08-16,13,10000000.0,0.0,0.0,0.0,0.0,1.0,1.0,0.0
2024-08-19,13,9990672.8,0.0,0.0,0.0,-0.00093272,0.99906728,0.99906728,-0.00093272
2024-08-20,13,10005828.07,0.0,0.0,0.0,0.001516942,1.000584222,1.000584222,0.0
2024-08-21,13,10000597.59,0.0,0.0,0.0,-0.000522743,1.000061479,1.000061479,-0.000522743
2024-08-22,13,10009575.4,0.0,0.0,0.0,0.000898,1.000959206,1.000959206,0.0
2024-08-23,13,10007175.41,0.0,0.0,0.0,-0.000239769,1.000719436,1.000719436,-0.000239769
2024-08-26,13,10002135.41,0.0,0.0,0.0,-0.000503639,1.000215798,1.000215798,-0.000743408
2024-08-27,13,10017305.83,0.0,0.0,0.0,0.001516718,1.001732516,1.001732516,0.0
2024-08-28,13,10017305.83,0.0,0.0,0.0,0.0,1.001732516,1.001732516,0.0
2024-08-29,13,10017305.83,0.0,0.0,0.0,0.0,1.001732516,1.001732516,0.0
2024-08-30,13,10017305.83,0.0,0.0,0.0,0.0,1.001732516,1.001732516,0.0
2024-09-02,13,10017952.78,0.0,0.0,0.0,6.45832e-05,1.001797099,1.001797099,0.0
2024-09-03,13,10005712.79,0.0,0.0,0.0,-0.001221806,1.000575294,1.000575294,-0.001221806
2024-09-04,13,9980922.66,0.0,0.0,0.0,-0.002477598,0.998097696,0.998097696,-0.003699403
2024-09-05,13,9980727.72,0.0,0.0,0.0,-1.95313e-05,0.998078165,0.998078165,-0.003718934
2024-09-06,13,10024693.87,0.0,0.0,0.0,0.004405105,1.002483269,1.002483269,0.0
2024-09-09,13,10001412.87,0.0,0.0,0.0,-0.002322365,1.000160904,1.000160904,-0.002322365
2024-09-10,13,10001275.19,0.0,0.0,0.0,-1.37661e-05,1.000147138,1.000147138,-0.002336131
2024-09-11,13,9987405.85,0.0,0.0,0.0,-0.001386757,0.998760381,0.998760381,-0.003722888
2024-09-12,13,9994692.34,0.0,0.0,0.0,0.000729568,0.999489949,0.999489949,-0.002993321
2024-09-13,13,9994692.34,0.0,0.0,0.0,0.0,0.999489949,0.999489949,-0.002993321
2024-09-18,13,9994692.34,0.0,0.0,0.0,0.0,0.999489949,0.999489949,-0.002993321
2024-09-19,13,9995302.67,0.0,0.0,0.0,6.10654e-05,0.999551014,0.999551014,-0.002932255
2024-09-20,13,9972313.57,0.0,0.0,0.0,-0.00229999,0.997251024,0.997251024,-0.005232246
2024-09-23,13,9972313.57,0.0,0.0,0.0,0.0,0.997251024,0.997251024,-0.005232246
2024-09-24,13,9972313.57,0.0,0.0,0.0,0.0,0.997251024,0.997251024,-0.005232246
2024-09-25,13,9972995.5,0.0,0.0,0.0,6.83823e-05,0.997319406,0.997319406,-0.005163863
2024-09-26,13,10004602.42,0.0,0.0,0.0,0.00316925,1.000488657,1.000488657,-0.001994613
2024-09-27,13,10012803.34,0.0,0.0,0.0,0.000819715,1.001308371,1.001308371,-0.001174898
2024-08-21,14,10000000.0,0.0,0.0,0.0,0.0,1.0,1.0,0.0
2024-08-22,14,9999873.9,0.0,0.0,0.0,-1.261e-05,0.99998739,0.99998739,-1.261e-05
2024-08-23,14,9995073.9,0.0,0.0,0.0,-0.000480006,0.999507384,0.999507384,-0.000492616
2024-08-26,14,9984993.9,0.0,0.0,0.0,-0.001008497,0.998498887,0.998498887,-0.001501113
2024-08-27,14,10017746.22,0.0,0.0,0.0,0.003280154,1.001779041,1.001779041,0.0
2024-08-28,14,10017746.22,0.0,0.0,0.0,0.0,1.001779041,1.001779041,0.0
2024-08-29,14,10017746.22,0.0,0.0,0.0,0.0,1.001779041,1.001779041,0.0
2024-08-30,14,10017746.22,0.0,0.0,0.0,0.0,1.001779041,1.001779041,0.0
2024-09-02,14,10023541.96,0.0,0.0,0.0,0.000578547,1.002357589,1.002357589,0.0
2024-09-03,14,9996001.96,0.0,0.0,0.0,-0.002747532,0.999610057,0.999610057,-0.002747532
2024-09-04,14,9940239.48,0.0,0.0,0.0,-0.005578478,0.994031579,0.994031579,-0.00832601
2024-09-05,14,9934591.34,0.0,0.0,0.0,-0.00056821,0.993463369,0.993463369,-0.00889422
2024-09-06,14,10016544.99,0.0,0.0,0.0,0.008249323,1.001712692,1.001712692,-0.000644897
2024-09-09,14,9961463.99,0.0,0.0,0.0,-0.005499002,0.99621369,0.99621369,-0.006143899
2024-09-10,14,9961183.25,0.0,0.0,0.0,-2.81826e-05,0.996185507,0.996185507,-0.006172082
2024-09-11,14,9928557.23,0.0,0.0,0.0,-0.003275316,0.992910191,0.992910191,-0.009447397
2024-09-12,14,9946166.86,0.0,0.0,0.0,0.001773634,0.994683826,0.994683826,-0.007673763
2024-09-13,14,9946166.86,0.0,0.0,0.0,0.0,0.994683826,0.994683826,-0.007673763
2024-09-18,14,9946166.86,0.0,0.0,0.0,0.0,0.994683826,0.994683826,-0.007673763
2024-09-19,14,9946164.86,0.0,0.0,0.0,-2.01082e-07,0.994683625,0.994683625,-0.007673964
2024-09-20,14,9935715.6,0.0,0.0,0.0,-0.001050582,0.993633043,0.993633043,-0.008724546
2024-09-23,14,9935715.6,0.0,0.0,0.0,0.0,0.993633043,0.993633043,-0.008724546
2024-09-24,14,9945022.32,0.0,0.0,0.0,0.000936693,0.994569736,0.994569736,-0.007787852
2024-09-25,14,10084218.6,0.0,0.0,0.0,0.013996578,1.008566314,1.008566314,0.0
2024-09-26,14,10145964.67,0.0,0.0,0.0,0.00612304,1.014689354,1.014689354,0.0
2024-09-27,14,10165722.93,0.0,0.0,0.0,0.001947401,1.016636755,1.016636755,0.0
2024-09-05,15,1000000.0,0.0,0.0,0.0,0.0,1.0,1.0,0.0
2024-09-06,15,999629.0,0.0,0.0,0.0,-0.000123667,0.999876333,0.999876333,-0.000123667
2024-09-09,15,981401.0,0.0,0.0,0.0,-0.006076,0.993800333,0.993800333,-0.006076
2024-09-10,15,981041.97,0.0,0.0,0.0,-0.000119677,0.993680657,0.993680657,-0.006195677
2024-09-11,15,971559.0,0.0,0.0,0.0,-0.00316099,0.990519667,0.990519667,-0.009356667
2024-09-12,15,977455.0,0.0,0.0,0.0,0.001965333,0.992485,0.992485,-0.007391333
2024-09-13,15,977455.0,0.0,0.0,0.0,0.0,0.992485,0.992485,-0.007391333
2024-09-18,15,977455.0,0.0,0.0,0.0,0.0,0.992485,0.992485,-0.007391333
2024-09-19,15,977455.0,0.0,0.0,0.0,0.0,0.992485,0.992485,-0.007391333
2024-09-20,15,972211.0,0.0,0.0,0.0,-0.001748,0.990737,0.990737,-0.009139333
2024-09-23,15,972211.0,0.0,0.0,0.0,0.0,0.990737,0.990737,-0.009139333
2024-09-24,15,975592.0,0.0,0.0,0.0,0.001127,0.991864,0.991864,-0.008012333
2024-09-25,15,1035114.0,0.0,0.0,0.0,0.019840667,1.011704667,1.011704667,0.0
2024-09-26,15,1062996.0,0.0,0.0,0.0,0.009294,1.020998667,1.020998667,0.0
2024-09-27,15,1067080.0,0.0,0.0,0.0,0.001361333,1.02236,1.02236,0.0
2024-08-30,16,24000000.0,0.0,0.0,0.0,0.0,1.0,1.0,0.0
2024-09-02,16,24009226.0,0.0,0.0,0.0,0.000384417,1.000384417,1.000384417,0.0
2024-09-03,16,23938845.61,0.0,0.0,0.0,-0.002931389,0.997453027,0.997453027,-0.002931389
2024-09-04,16,23799887.0,0.0,0.0,0.0,-0.005804733,0.991648294,0.991648294,-0.008736122
2024-09-05,16,23794567.47,0.0,0.0,0.0,-0.000223511,0.991424783,0.991424783,-0.008959633
2024-09-06,16,24029658.0,0.0,0.0,0.0,0.009880009,1.001304792,1.001304792,0.0
2024-09-09,16,23901167.0,0.0,0.0,0.0,-0.005347184,0.995957608,0.995957608,-0.005347184
2024-09-10,16,23899575.41,0.0,0.0,0.0,-6.65905e-05,0.995891018,0.995891018,-0.005413774
2024-09-11,16,23823920.0,0.0,0.0,0.0,-0.003165555,0.992725463,0.992725463,-0.008579329
2024-09-12,16,23880856.0,0.0,0.0,0.0,0.002389867,0.99511533,0.99511533,-0.006189462
2024-09-13,16,23880856.0,0.0,0.0,0.0,0.0,0.99511533,0.99511533,-0.006189462
2024-09-18,16,23880856.0,0.0,0.0,0.0,0.0,0.99511533,0.99511533,-0.006189462
2024-09-19,16,23884747.0,0.0,0.0,0.0,0.000162934,0.995278264,0.995278264,-0.006026528
2024-09-20,16,23815619.0,0.0,0.0,0.0,-0.002894232,0.992384032,0.992384032,-0.00892076
2024-09-23,16,23816082.0,0.0,0.0,0.0,1.9441e-05,0.992403473,0.992403473,-0.008901319
2024-09-24,16,23831450.0,0.0,0.0,0.0,0.000645278,0.993048751,0.993048751,-0.008256041
2024-09-25,16,24217559.0,0.0,0.0,0.0,0.016201658,1.009250409,1.009250409,0.0
2024-09-26,16,24355963.0,0.0,0.0,0.0,0.005715027,1.014965436,1.014965436,0.0
2024-09-27,16,24394775.0,0.0,0.0,0.0,0.001593532,1.016558968,1.016558968,0.0
2024-09-06,17,8000000.0,0.0,0.0,0.0,0.0,1.0,1.0,0.0
2024-09-09,17,7955479.0,0.0,0.0,0.0,-0.005565125,0.994434875,0.994434875,-0.005565125
2024-09-10,17,7956520.45,0.0,0.0,0.0,0.00013091,0.994565785,0.994565785,-0.005434215
2024-09-11,17,7933215.91,0.0,0.0,0.0,-0.002928986,0.991636798,0.991636798,-0.008363202
2024-09-12,17,7948111.16,0.0,0.0,0.0,0.00187758,0.993514379,0.993514379,-0.006485621
2024-09-13,17,7948111.16,0.0,0.0,0.0,0.0,0.993514379,0.993514379,-0.006485621
2024-09-18,17,7948111.16,0.0,0.0,0.0,0.0,0.993514379,0.993514379,-0.006485621
2024-09-19,17,7949606.11,0.0,0.0,0.0,0.000188089,0.993702467,0.993702467,-0.006297533
2024-09-20,17,7911021.92,0.0,0.0,0.0,-0.004853598,0.98884887,0.98884887,-0.01115113
2024-09-23,17,7911021.92,0.0,0.0,0.0,0.0,0.98884887,0.98884887,-0.01115113
2024-09-24,17,7911021.92,0.0,0.0,0.0,0.0,0.98884887,0.98884887,-0.01115113
2024-09-25,17,7911710.41,0.0,0.0,0.0,8.70292e-05,0.988935899,0.988935899,-0.011064101
2024-09-26,17,7943250.88,0.0,0.0,0.0,0.003986555,0.992922454,0.992922454,-0.007077546
2024-09-27,17,7951458.82,0.0,0.0,0.0,0.001033323,0.993955777,0.993955777,-0.006044223
2024-09-20,18,10000000.0,0.0,0.0,0.0,0.0,1.0,1.0,0.0
2024-09-23,18,10000000.0,0.0,0.0,0.0,0.0,1.0,1.0,0.0
2024-09-24,18,10009290.57,0.0,0.0,0.0,0.000929057,1.000929057,1.000929057,0.0
2024-09-25,18,10166951.0,0.0,0.0,0.0,0.015751409,1.016680466,1.016680466,0.0
2024-09-26,18,10233726.41,0.0,0.0,0.0,0.006567889,1.023248355,1.023248355,0.0
2024-09-27,18,10253649.02,0.0,0.0,0.0,0.00194676,1.025195116,1.025195116,0.0
2024-09-20,19,10000000.0,0.0,0.0,0.0,0.0,1.0,1.0,0.0
2024-09-23,19,10000000.0,0.0,0.0,0.0,0.0,1.0,1.0,0.0
2024-09-24,19,10002813.88,0.0,0.0,0.0,0.000281388,1.000281388,1.000281388,0.0
2024-09-25,19,10079661.45,0.0,0.0,0.0,0.007682595,1.007963983,1.007963983,0.0
2024-09-26,19,10103863.55,0.0,0.0,0.0,0.002401083,1.010365066,1.010365066,0.0
2024-09-27,19,10109329.18,0.0,0.0,0.0,0.000540945,1.01090601,1.01090601,0.0
2024-09-23,20,10000000.0,0.0,0.0,0.0,0.0,1.0,1.0,0.0
2024-09-24,20,10009289.13,0.0,0.0,0.0,0.000928913,1.000928913,1.000928913,0.0
2024-09-25,20,10162208.81,0.0,0.0,0.0,0.015277776,1.016206689,1.016206689,0.0
2024-09-26,20,10224005.15,0.0,0.0,0.0,0.006080995,1.022287684,1.022287684,0.0
2024-09-27,20,10243808.3,0.0,0.0,0.0,0.001936927,1.024224611,1.024224611,0.0
2024-09-30,1,333472.76,0.0,0.0,0.0,0.0,2.029129549,2.029129549,0.0
2024-09-30,2,2168101.88,0.0,0.0,0.0,-0.00021437661336115116,1.0847482373866388,1.1956580643866388,-0.00021437661336110025
2024-09-30,3,5180529.49,0.0,0.0,0.0,0.0,1.041366916,1.041366916,0.0
2024-09-30,4,5113048.83,0.0,0.0,0.0,0.0,1.02288446,1.02288446,-0.006019280000000071
2024-09-30,5,10276151.03,0.0,0.0,0.0,0.0,1.027617781,1.027617781,0.0
2024-09-30,6,5096814.25,0.0,0.0,0.0,0.0,1.019467254,1.019467254,-0.0026981980000000405
2024-09-30,7,3146745.56,0.0,0.0,0.0,0.0,1.048347106,1.048347106,0.0
2024-09-30,8,10142202.99,0.0,0.0,0.0,0.0,1.014396657,1.014396657,0.0
2024-09-30,9,9858036.75,0.0,0.0,0.0,0.0,0.985835486,0.985835486,-0.015622510999999895
2024-09-30,10,3046621.07,0.0,0.0,0.0,0.0,1.015682598,1.015682598,0.0
2024-09-30,11,10099277.69,0.0,0.0,0.0,0.0,1.009940604,1.009940604,0.0
2024-09-30,12,10009096.32,0.0,0.0,0.0,0.0,1.001042804,1.001042804,-0.004234275000000176
2024-09-30,13,10012803.34,0.0,0.0,0.0,0.0,1.001308371,1.001308371,-0.0011748980000001463
2024-09-30,14,10165722.93,0.0,0.0,0.0,0.0,1.016636755,1.016636755,0.0
2024-09-30,15,1067080.0,0.0,0.0,0.0,0.0,1.02236,1.02236,0.0
2024-09-30,16,28394775.0,4000000.0,0.0,0.0,0.0,1.016558968,1.016558968,0.0
2024-09-30,17,7951458.82,0.0,0.0,0.0,0.0,0.993955777,0.993955777,-0.00604422299999996
2024-09-30,18,10253649.02,0.0,0.0,0.0,0.0,1.025195116,1.025195116,0.0
2024-09-30,19,10109329.18,0.0,0.0,0.0,0.0,1.01090601,1.01090601,0.0
2024-09-30,20,10243808.3,0.0,0.0,0.0,0.0,1.024224611,1.024224611,0.0